ENSMUSG00000033788_gR434r,0.01
ENSMUSG00000033788_gR113f,0.03
ENSMUSG00000033788_gR70f,0.3
ENSMUSG00000023020_gR346r,0.26
ENSMUSG00000023020_gR376r,0.18
ENSMUSG00000023020_gR434r,0.14
ENSMUSG00000021177_gR34f,0.06
ENSMUSG00000021177_gR124r,0.01
ENSMUSG00000021177_gR208f,0.09
ENSMUSG00000021645_gR59f,0.42
ENSMUSG00000021645_gR318f,0.67
ENSMUSG00000021645_gR395f,0.37
ENSMUSG00000031865_gR354f,0.22
ENSMUSG00000031865_gR271r,0.15
ENSMUSG00000031865_gR106f,0.15
ENSMUSG00000029328_gR364f,0.59
ENSMUSG00000029328_gR125r,0.3
ENSMUSG00000029328_gR51f,0.07
ENSMUSG00000021182_gR380r,0.51
ENSMUSG00000021182_gR283f,0.01
ENSMUSG00000021182_gR247r,0.16
ENSMUSG00000001552_gR319r,0.06
ENSMUSG00000001552_gR277f,0.11
ENSMUSG00000001552_gR115f,0.56
ENSMUSG00000030747_gR459f,0.01
ENSMUSG00000030747_gR252r,0.07
ENSMUSG00000030747_gR91r,0.21
ENSMUSG00000004044_gR456r,0.08
ENSMUSG00000004044_gR322f,0.07
ENSMUSG00000004044_gR312f,0.06
ENSMUSG00000021186_gR374f,0.68
ENSMUSG00000021186_gR343f,0.06
ENSMUSG00000021186_gR258r,0.2
ENSMUSG00000027861_gR180r,0.25
ENSMUSG00000027861_gR200f,0.25
ENSMUSG00000027861_gR451f,0.21
ENSMUSG00000001751_gR57f,0.16
ENSMUSG00000001751_gR93r,0.08
ENSMUSG00000021189_gR410f,0.04
ENSMUSG00000021189_gR277r,0.12
ENSMUSG00000021189_gR9r,0.02
ENSMUSG00000017167_gR300f,0.21
ENSMUSG00000017167_gR390f,0.07
ENSMUSG00000017167_gR422f,0.01
ENSMUSG00000035086_gR387f,0.04
ENSMUSG00000035086_gR194r,0.28
ENSMUSG00000035086_gR176r,0.06
ENSMUSG00000027859_gR92f,0.63
ENSMUSG00000027859_gR262f,0.03
ENSMUSG00000027859_gR366f,0.24
ENSMUSG00000035165_gR214f,0.13
ENSMUSG00000035165_gR253f,0.17
ENSMUSG00000035165_gR296r,0.06
ENSMUSG00000035606_gR42r,0.0
ENSMUSG00000035606_gR133f,0.18
ENSMUSG00000035606_gR245f,0.15
ENSMUSG00000033792_gR15r,0.11
ENSMUSG00000033792_gR23r,0.12
ENSMUSG00000033792_gR410f,0.05
ENSMUSG00000062070_gR151f,0.04
ENSMUSG00000062070_gR309r,0.02
ENSMUSG00000062070_gR454f,0.03
ENSMUSG00000070385_gR61f,0.07
ENSMUSG00000070385_gR250f,0.46
ENSMUSG00000070385_gR273r,0.13
ENSMUSG00000046434_gR61f,0.01
ENSMUSG00000046434_gR123f,0.02
ENSMUSG00000046434_gR145f,0.06
ENSMUSG00000105053_gR101f,0.45
ENSMUSG00000105053_gR212f,0.32
ENSMUSG00000105053_gR315r,0.01
ENSMUSG00000032952_gR429f,0.29
ENSMUSG00000032952_gR483r,0.7
ENSMUSG00000032952_gR492f,0.31
ENSMUSG00000007946_gR65r,0.01
ENSMUSG00000007946_gR176f,0.04
ENSMUSG00000007946_gR279r,0.12
ENSMUSG00000032902_gR361r,0.65
ENSMUSG00000032902_gR373r,0.17
ENSMUSG00000032902_gR458f,0.18
ENSMUSG00000030987_gR254r,0.22
ENSMUSG00000030987_gR292r,0.06
ENSMUSG00000030987_gR335f,0.58
ENSMUSG00000031872_gR202r,0.76
ENSMUSG00000031872_gR240f,0.44
ENSMUSG00000031872_gR430r,0.23
ENSMUSG00000035824_gR459r,0.07
ENSMUSG00000035824_gR330r,0.71
ENSMUSG00000035824_gR278r,0.18
ENSMUSG00000032563_gR146r,0.15
ENSMUSG00000032563_gR355r,0.06
ENSMUSG00000032563_gR471f,0.03
ENSMUSG00000040896_gR412r,0.02
ENSMUSG00000040896_gR423r,0.37
ENSMUSG00000040896_gR485f,0.23
ENSMUSG00000061086_gR126r,0.15
ENSMUSG00000061086_gR385r,0.11
ENSMUSG00000061086_gR439r,0.05
ENSMUSG00000014776_gR16r,0.17
ENSMUSG00000014776_gR204f,0.34
ENSMUSG00000014776_gR402r,0.11
ENSMUSG00000021115_gR366f,0.04
ENSMUSG00000028607_gR355f,0.17
ENSMUSG00000028607_gR319f,0.02
ENSMUSG00000028607_gR99r,0.03
ENSMUSG00000001983_gR56r,0.06
ENSMUSG00000001983_gR478r,0.05
ENSMUSG00000001983_gR490f,0.47
ENSMUSG00000001027_gR239r,0.06
ENSMUSG00000001027_gR235r,0.02
ENSMUSG00000001027_gR34f,0.0
ENSMUSG00000057329_gR352r,0.22
ENSMUSG00000057329_gR335f,0.07
ENSMUSG00000057329_gR240r,0.0
ENSMUSG00000048351_gR156f,0.23
ENSMUSG00000048351_gR340f,0.23
ENSMUSG00000048351_gR389r,0.8
ENSMUSG00000020718_gR481f,0.35
ENSMUSG00000020718_gR448r,0.19
ENSMUSG00000020718_gR361r,0.23
ENSMUSG00000030890_gR119r,0.07
ENSMUSG00000030890_gR332r,0.14
ENSMUSG00000030890_gR357f,0.02
ENSMUSG00000027889_gR289r,0.24
ENSMUSG00000027889_gR269f,0.68
ENSMUSG00000027889_gR124r,0.57
ENSMUSG00000031918_gR8r,0.37
ENSMUSG00000031918_gR22f,0.04
ENSMUSG00000031918_gR322f,0.41
ENSMUSG00000039952_gR426f,0.19
ENSMUSG00000039952_gR270f,0.06
ENSMUSG00000039952_gR139r,0.8
ENSMUSG00000052911_gR76f,0.56
ENSMUSG00000052911_gR435r,0.17
ENSMUSG00000052911_gR462f,0.1
ENSMUSG00000032602_gR90f,0.29
ENSMUSG00000032602_gR120f,0.38
ENSMUSG00000032602_gR228r,0.16
ENSMUSG00000021266_gR386f,0.0
ENSMUSG00000021266_gR137r,0.2
ENSMUSG00000021266_gR58f,0.07
ENSMUSG00000059741_gR176r,0.0
ENSMUSG00000059741_gR188r,0.0
ENSMUSG00000059741_gR189r,0.05
ENSMUSG00000018707_gR154f,0.03
ENSMUSG00000018707_gR280f,0.25
ENSMUSG00000021275_gR182r,0.04
ENSMUSG00000021275_gR257f,0.04
ENSMUSG00000021275_gR298r,0.14
ENSMUSG00000032498_gR465r,0.28
ENSMUSG00000032498_gR331f,0.16
ENSMUSG00000032498_gR28r,0.29
ENSMUSG00000029507_gR427r,0.11
ENSMUSG00000029507_gR176f,0.01
ENSMUSG00000029507_gR140f,0.06
ENSMUSG00000052852_gR315r,0.87
ENSMUSG00000052852_gR226f,0.09
ENSMUSG00000052852_gR163f,0.08
ENSMUSG00000031960_gR36r,0.55
ENSMUSG00000031960_gR189f,0.02
ENSMUSG00000031960_gR484r,0.12
ENSMUSG00000041695_gR207r,0.08
ENSMUSG00000041695_gR264f,0.07
ENSMUSG00000041695_gR302f,0.11
ENSMUSG00000037787_gR35r,0.12
ENSMUSG00000033579_gR488f,0.06
ENSMUSG00000033579_gR403f,0.08
ENSMUSG00000033579_gR244r,0.08
ENSMUSG00000096764_gR82f,0.2
ENSMUSG00000096764_gR260f,0.01
ENSMUSG00000096764_gR379f,0.09
ENSMUSG00000027130_gR17r,0.06
ENSMUSG00000027130_gR166r,0.49
ENSMUSG00000027130_gR488f,0.03
ENSMUSG00000038371_gR228r,0.2
ENSMUSG00000038371_gR221r,0.01
ENSMUSG00000038371_gR185r,0.44
ENSMUSG00000031948_gR385f,0.14
ENSMUSG00000031948_gR292r,0.42
ENSMUSG00000031948_gR95f,0.03
ENSMUSG00000063275_gR472r,0.12
ENSMUSG00000063275_gR236f,0.02
ENSMUSG00000063275_gR195f,0.02
ENSMUSG00000037679_gR78f,0.44
ENSMUSG00000037679_gR399r,0.24
ENSMUSG00000037679_gR436r,0.16
ENSMUSG00000011148_gR31r,0.03
ENSMUSG00000072720_gR303f,0.34
ENSMUSG00000072720_gR239r,0.19
ENSMUSG00000072720_gR104f,0.17
ENSMUSG00000068614_gR415r,0.49
ENSMUSG00000068614_gR385r,0.19
ENSMUSG00000068614_gR287f,0.05
ENSMUSG00000025825_gR217f,0.01
ENSMUSG00000025825_gR296f,0.24
ENSMUSG00000025825_gR483f,0.32
ENSMUSG00000050627_gR402r,0.3
ENSMUSG00000050627_gR287r,0.25
ENSMUSG00000050627_gR62f,0.34
ENSMUSG00000028700_gR113f,0.2
ENSMUSG00000028700_gR220f,0.0
ENSMUSG00000028700_gR426r,0.0
ENSMUSG00000014158_gR235f,0.21
ENSMUSG00000014158_gR87r,0.0
ENSMUSG00000014158_gR32r,0.09
ENSMUSG00000041697_gR289r,0.49
ENSMUSG00000041697_gR247f,0.04
ENSMUSG00000041697_gR220r,0.01
ENSMUSG00000033400_gR304r,0.44
ENSMUSG00000033400_gR157f,0.09
ENSMUSG00000033400_gR145f,0.11
ENSMUSG00000041548_gR263f,0.02
ENSMUSG00000041548_gR157f,0.03
ENSMUSG00000041548_gR111f,0.21
ENSMUSG00000052557_gR31f,0.0
ENSMUSG00000052557_gR68r,0.01
ENSMUSG00000052557_gR375r,0.23
ENSMUSG00000057914_gR186f,0.05
ENSMUSG00000057914_gR391f,0.04
ENSMUSG00000057914_gR433f,0.19
ENSMUSG00000031928_gR273f,0.09
ENSMUSG00000031928_gR287f,0.01
ENSMUSG00000031928_gR340f,0.03
ENSMUSG00000059248_gR179f,0.0
ENSMUSG00000059248_gR251f,0.17
ENSMUSG00000059248_gR261f,0.23
ENSMUSG00000040084_gR116f,0.41
ENSMUSG00000040084_gR117f,0.39
ENSMUSG00000029361_gR211f,0.05
ENSMUSG00000029361_gR305r,0.01
ENSMUSG00000029361_gR391f,0.01
ENSMUSG00000025551_gR468r,0.09
ENSMUSG00000025551_gR131f,0.29
ENSMUSG00000025551_gR22r,0.09
ENSMUSG00000027305_gR274f,0.22
ENSMUSG00000027305_gR169r,0.33
ENSMUSG00000032511_gR481f,0.05
ENSMUSG00000032511_gR425f,0.02
ENSMUSG00000032511_gR406r,0.44
ENSMUSG00000027298_gR19r,0.35
ENSMUSG00000027298_gR74f,0.0
ENSMUSG00000027298_gR151r,0.79
ENSMUSG00000034115_gR351f,0.04
ENSMUSG00000034115_gR236r,0.15
ENSMUSG00000034115_gR205f,0.2
ENSMUSG00000043207_gR300r,0.16
ENSMUSG00000043207_gR193f,0.08
ENSMUSG00000043207_gR141r,0.11
ENSMUSG00000030654_gR480f,0.25
ENSMUSG00000030654_gR398f,0.17
ENSMUSG00000030654_gR59r,0.39
ENSMUSG00000024234_gR36f,0.48
ENSMUSG00000024234_gR288f,0.25
ENSMUSG00000024234_gR327r,0.0
ENSMUSG00000025579_gR300r,0.57
ENSMUSG00000025579_gR422f,0.02
ENSMUSG00000025579_gR435r,0.01
ENSMUSG00000079110_gR80f,0.11
ENSMUSG00000079110_gR81f,0.11
ENSMUSG00000079110_gR329f,0.05
ENSMUSG00000090100_gR226f,0.31
ENSMUSG00000090100_gR40r,0.02
ENSMUSG00000090100_gR23r,0.19
ENSMUSG00000039887_gR36f,0.09
ENSMUSG00000039887_gR85r,0.2
ENSMUSG00000039887_gR323f,0.59
ENSMUSG00000027559_gR46r,0.61
ENSMUSG00000027559_gR348f,0.01
ENSMUSG00000074001_gR63r,0.1
ENSMUSG00000074001_gR136r,0.0
ENSMUSG00000074001_gR277f,0.04
ENSMUSG00000033396_gR253r,0.08
ENSMUSG00000033396_gR162f,0.15
ENSMUSG00000033396_gR70r,0.12
ENSMUSG00000066235_gR381r,0.04
ENSMUSG00000066235_gR142f,0.08
ENSMUSG00000066235_gR34r,0.0
ENSMUSG00000034620_gR472f,0.05
ENSMUSG00000034620_gR257r,0.1
ENSMUSG00000034620_gR129r,0.29
ENSMUSG00000032540_gR111f,0.07
ENSMUSG00000032540_gR272r,0.04
ENSMUSG00000071176_gR183r,0.07
ENSMUSG00000071176_gR332r,0.27
ENSMUSG00000071176_gR491f,0.12
ENSMUSG00000042605_gR116f,0.01
ENSMUSG00000042605_gR253r,0.14
ENSMUSG00000028116_gR236r,0.09
ENSMUSG00000028116_gR166r,0.1
ENSMUSG00000028116_gR52r,0.54
ENSMUSG00000013936_gR175f,0.14
ENSMUSG00000013936_gR233f,0.14
ENSMUSG00000013936_gR299f,0.01
ENSMUSG00000014444_gR470r,0.01
ENSMUSG00000014444_gR359r,0.35
ENSMUSG00000014444_gR137f,0.02
ENSMUSG00000000738_gR159r,0.7
ENSMUSG00000000738_gR215f,0.03
ENSMUSG00000000738_gR400r,0.07
ENSMUSG00000062380_gR94r,0.16
ENSMUSG00000062380_gR158r,0.14
ENSMUSG00000062380_gR176f,0.0
ENSMUSG00000031972_gR97f,0.06
ENSMUSG00000031972_gR94r,0.45
ENSMUSG00000030337_gR139r,0.07
ENSMUSG00000030337_gR183f,0.07
ENSMUSG00000030337_gR333r,0.12
ENSMUSG00000024411_gR367f,0.63
ENSMUSG00000024411_gR339f,0.08
ENSMUSG00000024411_gR301r,0.36
ENSMUSG00000047635_gR132r,0.5
ENSMUSG00000047635_gR247f,0.01
ENSMUSG00000047635_gR264f,0.02
ENSMUSG00000027204_gR440f,0.22
ENSMUSG00000027204_gR422f,0.13
ENSMUSG00000027204_gR259r,0.02
ENSMUSG00000032826_gR312r,0.25
ENSMUSG00000032826_gR118f,0.07
ENSMUSG00000032826_gR26f,0.71
ENSMUSG00000001998_gR237f,0.85
ENSMUSG00000001998_gR245f,0.06
ENSMUSG00000040521_gR170f,0.01
ENSMUSG00000040521_gR64r,0.05
ENSMUSG00000040521_gR24f,0.13
ENSMUSG00000006731_gR99f,0.16
ENSMUSG00000006731_gR390r,0.45
ENSMUSG00000006731_gR393r,0.41
ENSMUSG00000028811_gR122r,0.08
ENSMUSG00000028811_gR206f,0.02
ENSMUSG00000028811_gR238f,0.29
ENSMUSG00000074657_gR469r,0.29
ENSMUSG00000074657_gR333f,0.1
ENSMUSG00000074657_gR143r,0.12
ENSMUSG00000040354_gR407r,0.25
ENSMUSG00000040354_gR245r,0.22
ENSMUSG00000040354_gR121r,0.09
ENSMUSG00000040287_gR48f,0.29
ENSMUSG00000040287_gR181r,0.14
ENSMUSG00000040287_gR428f,0.31
ENSMUSG00000030730_gR453f,0.25
ENSMUSG00000030730_gR426r,0.32
ENSMUSG00000030730_gR302f,0.01
ENSMUSG00000030720_gR492f,0.03
ENSMUSG00000030720_gR417f,0.37
ENSMUSG00000030720_gR347f,0.06
ENSMUSG00000030695_gR463f,0.09
ENSMUSG00000030695_gR288f,0.19
ENSMUSG00000030695_gR213f,0.28
ENSMUSG00000018166_gR191f,0.13
ENSMUSG00000018166_gR162r,0.49
ENSMUSG00000018166_gR65f,0.07
ENSMUSG00000025743_gR29f,0.0
ENSMUSG00000025743_gR257r,0.11
ENSMUSG00000025743_gR299f,0.3
ENSMUSG00000025348_gR196r,0.1
ENSMUSG00000025348_gR262f,0.72
ENSMUSG00000025348_gR282f,0.18
ENSMUSG00000027400_gR444f,0.11
ENSMUSG00000027400_gR323r,0.61
ENSMUSG00000027400_gR123f,0.02
ENSMUSG00000030795_gR244r,0.47
ENSMUSG00000030795_gR335r,0.47
ENSMUSG00000041957_gR33r,0.25
ENSMUSG00000041957_gR39f,0.09
ENSMUSG00000041957_gR469r,0.07
ENSMUSG00000027403_gR156f,0.19
ENSMUSG00000027403_gR450f,0.58
ENSMUSG00000027403_gR479r,0.43
ENSMUSG00000014767_gR98f,0.39
ENSMUSG00000014767_gR170r,0.35
ENSMUSG00000014767_gR207r,0.21
ENSMUSG00000030847_gR93r,0.64
ENSMUSG00000030847_gR131f,0.02
ENSMUSG00000030847_gR356f,0.52
ENSMUSG00000027983_gR427r,0.31
ENSMUSG00000027983_gR408r,0.03
ENSMUSG00000027983_gR315r,0.66
ENSMUSG00000022792_gR234f,0.06
ENSMUSG00000022792_gR286f,0.31
ENSMUSG00000016529_gR333f,0.42
ENSMUSG00000016529_gR472f,0.68
ENSMUSG00000031425_gR45r,0.25
ENSMUSG00000031425_gR206r,0.5
ENSMUSG00000031425_gR210f,0.36
ENSMUSG00000028834_gR331r,0.01
ENSMUSG00000028834_gR350r,0.68
ENSMUSG00000028834_gR353f,0.09
ENSMUSG00000050989_gR373r,0.0
ENSMUSG00000050989_gR328f,0.41
ENSMUSG00000050989_gR74r,0.07
ENSMUSG00000022788_gR253r,0.01
ENSMUSG00000022788_gR206r,0.05
ENSMUSG00000068697_gR428r,0.34
ENSMUSG00000068697_gR413r,0.02
ENSMUSG00000068697_gR108r,0.05
ENSMUSG00000037139_gR56f,0.12
ENSMUSG00000037139_gR116f,0.66
ENSMUSG00000026452_gR82r,0.06
ENSMUSG00000026452_gR260f,0.3
ENSMUSG00000026452_gR347f,0.4
ENSMUSG00000036905_gR292f,0.06
ENSMUSG00000036905_gR132r,0.27
ENSMUSG00000036905_gR117f,0.0
ENSMUSG00000036896_gR489f,0.1
ENSMUSG00000036896_gR383f,0.29
ENSMUSG00000036896_gR119f,0.04
ENSMUSG00000036887_gR449f,0.02
ENSMUSG00000036887_gR413f,0.17
ENSMUSG00000036887_gR226f,0.0
ENSMUSG00000031432_gR245f,0.53
ENSMUSG00000031432_gR265f,0.16
ENSMUSG00000031432_gR410f,0.01
ENSMUSG00000028763_gR219f,0.49
ENSMUSG00000028763_gR273f,0.1
ENSMUSG00000028763_gR439r,0.13
ENSMUSG00000026414_gR155r,0.02
ENSMUSG00000026414_gR293r,0.62
ENSMUSG00000026414_gR466f,0.08
ENSMUSG00000054555_gR178f,0.01
ENSMUSG00000054555_gR46r,0.02
ENSMUSG00000021823_gR75f,0.01
ENSMUSG00000021823_gR252r,0.03
ENSMUSG00000021823_gR437r,0.56
ENSMUSG00000026407_gR82r,0.15
ENSMUSG00000026407_gR268f,0.12
ENSMUSG00000027273_gR121f,0.16
ENSMUSG00000027273_gR126f,0.04
ENSMUSG00000027273_gR316r,0.04
ENSMUSG00000004951_gR17f,0.71
ENSMUSG00000004951_gR18f,0.12
ENSMUSG00000004951_gR72f,0.18
ENSMUSG00000027276_gR304r,0.02
ENSMUSG00000027276_gR103f,0.18
ENSMUSG00000027276_gR33r,0.11
ENSMUSG00000020593_gR78r,0.11
ENSMUSG00000020593_gR77r,0.23
ENSMUSG00000019518_gR62f,0.27
ENSMUSG00000019518_gR184f,0.15
ENSMUSG00000019518_gR375f,0.2
ENSMUSG00000000058_gR19r,0.67
ENSMUSG00000000058_gR81r,0.13
ENSMUSG00000000058_gR158f,0.12
ENSMUSG00000007655_gR31r,0.26
ENSMUSG00000007655_gR41r,0.36
ENSMUSG00000007655_gR87r,0.01
ENSMUSG00000036817_gR18f,0.06
ENSMUSG00000036817_gR121f,0.09
ENSMUSG00000036817_gR440r,0.05
ENSMUSG00000078566_gR191r,0.56
ENSMUSG00000078566_gR190r,0.23
ENSMUSG00000078566_gR14r,0.9
ENSMUSG00000025777_gR117f,0.15
ENSMUSG00000025777_gR170r,0.19
ENSMUSG00000025777_gR301f,0.0
ENSMUSG00000041671_gR410r,0.64
ENSMUSG00000041671_gR426f,0.53
ENSMUSG00000030249_gR392r,0.12
ENSMUSG00000030249_gR149r,0.1
ENSMUSG00000030249_gR15r,0.21
ENSMUSG00000025509_gR155f,0.14
ENSMUSG00000025509_gR194f,0.08
ENSMUSG00000025509_gR242f,0.23
ENSMUSG00000039623_gR103r,0.42
ENSMUSG00000039623_gR104r,0.04
ENSMUSG00000039623_gR198f,0.12
ENSMUSG00000039533_gR474r,0.16
ENSMUSG00000039533_gR413f,0.22
ENSMUSG00000039533_gR157r,0.36
ENSMUSG00000064179_gR393r,0.27
ENSMUSG00000064179_gR328r,0.06
ENSMUSG00000064179_gR177f,0.26
ENSMUSG00000031097_gR13r,0.37
ENSMUSG00000031097_gR389r,0.03
ENSMUSG00000031097_gR465f,0.07
ENSMUSG00000061723_gR96f,0.1
ENSMUSG00000061723_gR287r,0.04
ENSMUSG00000061723_gR401f,0.59
ENSMUSG00000045078_gR356r,0.03
ENSMUSG00000045078_gR174r,0.46
ENSMUSG00000045078_gR170r,0.29
ENSMUSG00000009545_gR42f,0.09
ENSMUSG00000009545_gR131f,0.52
ENSMUSG00000009545_gR160f,0.06
ENSMUSG00000035458_gR77f,0.05
ENSMUSG00000048920_gR50f,0.27
ENSMUSG00000048920_gR38f,0.33
ENSMUSG00000048920_gR25r,0.53
ENSMUSG00000025265_gR21f,0.06
ENSMUSG00000025265_gR80r,0.0
ENSMUSG00000025265_gR305r,0.01
ENSMUSG00000030255_gR188f,0.18
ENSMUSG00000030255_gR290r,0.1
ENSMUSG00000030255_gR398f,0.01
ENSMUSG00000029020_gR452f,0.3
ENSMUSG00000029020_gR321f,0.1
ENSMUSG00000004631_gR269f,0.02
ENSMUSG00000004631_gR250f,0.39
ENSMUSG00000041459_gR493f,0.33
ENSMUSG00000041459_gR474r,0.08
ENSMUSG00000041459_gR466f,0.1
ENSMUSG00000025333_gR113f,0.08
ENSMUSG00000025333_gR311r,0.26
ENSMUSG00000063077_gR328r,0.03
ENSMUSG00000063077_gR300r,0.08
ENSMUSG00000063077_gR176r,0.26
ENSMUSG00000041301_gR45f,0.02
ENSMUSG00000041301_gR265r,0.06
ENSMUSG00000041301_gR279f,0.04
ENSMUSG00000029648_gR352r,0.2
ENSMUSG00000029648_gR349r,0.04
ENSMUSG00000029648_gR223r,0.38
ENSMUSG00000039713_gR136r,0.33
ENSMUSG00000039713_gR147r,0.12
ENSMUSG00000039713_gR456f,0.1
ENSMUSG00000039103_gR452r,0.1
ENSMUSG00000039103_gR346f,0.23
ENSMUSG00000039103_gR145f,0.05
ENSMUSG00000027463_gR211r,0.04
ENSMUSG00000027463_gR370r,0.48
ENSMUSG00000039519_gR271f,0.02
ENSMUSG00000039519_gR172r,0.42
ENSMUSG00000039519_gR29r,0.08
ENSMUSG00000027466_gR367r,0.01
ENSMUSG00000027466_gR27f,0.02
ENSMUSG00000027470_gR98r,0.08
ENSMUSG00000027470_gR129r,0.22
ENSMUSG00000027470_gR146f,0.37
ENSMUSG00000027478_gR141r,0.31
ENSMUSG00000027478_gR142r,0.44
ENSMUSG00000082079_gR186r,0.23
ENSMUSG00000082079_gR272f,0.02
ENSMUSG00000082079_gR310r,0.34
ENSMUSG00000067889_gR45f,0.04
ENSMUSG00000067889_gR127f,0.79
ENSMUSG00000067889_gR196f,0.22
ENSMUSG00000027488_gR469r,0.08
ENSMUSG00000027488_gR459r,0.02
ENSMUSG00000027488_gR122r,0.17
ENSMUSG00000001924_gR218r,0.56
ENSMUSG00000001924_gR303f,0.36
ENSMUSG00000001924_gR468f,0.33
ENSMUSG00000084845_gR192f,0.07
ENSMUSG00000084845_gR372r,0.12
ENSMUSG00000084845_gR390f,0.33
ENSMUSG00000041936_gR448f,0.08
ENSMUSG00000041936_gR278f,0.02
ENSMUSG00000041936_gR207f,0.62
ENSMUSG00000026466_gR467f,0.24
ENSMUSG00000026466_gR433f,0.59
ENSMUSG00000026466_gR179r,0.2
ENSMUSG00000062814_gR158f,0.26
ENSMUSG00000062814_gR229r,0.4
ENSMUSG00000062814_gR493f,0.1
ENSMUSG00000040586_gR323r,0.13
ENSMUSG00000040586_gR293f,0.08
ENSMUSG00000040586_gR187r,0.2
ENSMUSG00000017817_gR389r,0.23
ENSMUSG00000017817_gR332r,0.05
ENSMUSG00000017817_gR300r,0.06
ENSMUSG00000073988_gR225f,0.67
ENSMUSG00000073988_gR293f,0.01
ENSMUSG00000073988_gR340f,0.08
ENSMUSG00000093752_gR429r,0.28
ENSMUSG00000093752_gR369r,0.41
ENSMUSG00000078919_gR361f,0.13
ENSMUSG00000078919_gR97r,0.27
ENSMUSG00000078919_gR57r,0.83
ENSMUSG00000006457_gR105r,0.81
ENSMUSG00000006457_gR73f,0.32
ENSMUSG00000006457_gR22r,0.13
ENSMUSG00000019528_gR412f,0.05
ENSMUSG00000019528_gR290f,0.07
ENSMUSG00000019528_gR183r,0.43
ENSMUSG00000056569_gR132f,0.64
ENSMUSG00000056569_gR195f,0.27
ENSMUSG00000056569_gR351f,0.14
ENSMUSG00000024331_gR356f,0.08
ENSMUSG00000024331_gR347r,0.12
ENSMUSG00000024331_gR246f,0.48
ENSMUSG00000020003_gR476r,0.18
ENSMUSG00000020003_gR145f,0.22
ENSMUSG00000020003_gR34f,0.28
ENSMUSG00000026554_gR25f,0.03
ENSMUSG00000026554_gR154r,0.11
ENSMUSG00000007122_gR400f,0.55
ENSMUSG00000007122_gR289r,0.17
ENSMUSG00000007122_gR120f,0.06
ENSMUSG00000030401_gR73f,0.33
ENSMUSG00000030401_gR266r,0.78
ENSMUSG00000030401_gR478f,0.56
ENSMUSG00000054455_gR72f,0.37
ENSMUSG00000054455_gR460f,0.53
ENSMUSG00000054455_gR466f,0.3
ENSMUSG00000044393_gR74f,0.08
ENSMUSG00000044393_gR91f,0.84
ENSMUSG00000044393_gR98r,0.03
ENSMUSG00000061808_gR235f,0.06
ENSMUSG00000061808_gR240f,0.24
ENSMUSG00000061808_gR440f,0.53
ENSMUSG00000026500_gR126f,0.31
ENSMUSG00000026500_gR265f,0.28
ENSMUSG00000026500_gR400r,0.08
ENSMUSG00000004099_gR444f,0.01
ENSMUSG00000004099_gR353r,0.38
ENSMUSG00000004099_gR248f,0.11
ENSMUSG00000015647_gR459f,0.52
ENSMUSG00000015647_gR436f,0.02
ENSMUSG00000015647_gR140f,0.07
ENSMUSG00000026489_gR351f,0.44
ENSMUSG00000026489_gR178f,0.03
ENSMUSG00000026489_gR108r,0.61
ENSMUSG00000010609_gR217r,0.13
ENSMUSG00000010609_gR215f,0.06
ENSMUSG00000010609_gR97f,0.26
ENSMUSG00000021868_gR254f,0.42
ENSMUSG00000021868_gR330f,0.48
ENSMUSG00000021868_gR373r,0.44
ENSMUSG00000026509_gR453f,0.63
ENSMUSG00000026509_gR357f,0.24
ENSMUSG00000026509_gR247f,0.1
ENSMUSG00000020396_gR199f,0.07
ENSMUSG00000020396_gR163r,0.03
ENSMUSG00000020396_gR92r,0.12
ENSMUSG00000033335_gR368f,0.08
ENSMUSG00000033335_gR391r,0.32
ENSMUSG00000026664_gR194r,0.48
ENSMUSG00000026664_gR221f,0.39
ENSMUSG00000026664_gR289f,0.17
ENSMUSG00000026609_gR74r,0.81
ENSMUSG00000026609_gR470r,0.24
ENSMUSG00000026609_gR471r,0.06
ENSMUSG00000023165_gR431f,0.04
ENSMUSG00000078816_gR48f,0.19
ENSMUSG00000078816_gR151f,0.2
ENSMUSG00000078816_gR187f,0.47
ENSMUSG00000026672_gR485f,0.16
ENSMUSG00000026672_gR246r,0.31
ENSMUSG00000026672_gR7r,0.04
ENSMUSG00000024302_gR23f,0.05
ENSMUSG00000024302_gR87f,0.18
ENSMUSG00000024302_gR397r,0.01
ENSMUSG00000010461_gR466f,0.32
ENSMUSG00000010461_gR312r,0.19
ENSMUSG00000010461_gR27f,0.18
ENSMUSG00000023165_gR202r,0.07
ENSMUSG00000059363_gR387f,0.05
ENSMUSG00000059363_gR309f,0.03
ENSMUSG00000059363_gR155r,0.42
ENSMUSG00000038319_gR202r,0.24
ENSMUSG00000038319_gR85r,0.1
ENSMUSG00000038319_gR48f,0.48
ENSMUSG00000028978_gR351f,0.01
ENSMUSG00000028978_gR353f,0.13
ENSMUSG00000028978_gR447r,0.0
ENSMUSG00000031142_gR90r,0.03
ENSMUSG00000031142_gR185f,0.14
ENSMUSG00000025887_gR57f,0.58
ENSMUSG00000025887_gR95f,0.21
ENSMUSG00000025887_gR457f,0.17
ENSMUSG00000028944_gR361r,0.01
ENSMUSG00000028944_gR161r,0.37
ENSMUSG00000028944_gR67r,0.3
ENSMUSG00000022270_gR28r,0.39
ENSMUSG00000022270_gR141f,0.02
ENSMUSG00000022270_gR214r,0.89
ENSMUSG00000061313_gR390f,0.06
ENSMUSG00000061313_gR335f,0.02
ENSMUSG00000061313_gR207f,0.01
ENSMUSG00000025255_gR32f,0.22
ENSMUSG00000025255_gR381r,0.3
ENSMUSG00000037251_gR140r,0.01
ENSMUSG00000037251_gR84r,0.34
ENSMUSG00000037251_gR19f,0.22
ENSMUSG00000003123_gR407r,0.08
ENSMUSG00000003123_gR158f,0.04
ENSMUSG00000003123_gR20r,0.06
ENSMUSG00000091898_gR191f,0.03
ENSMUSG00000091898_gR221r,0.3
ENSMUSG00000091898_gR460r,0.06
ENSMUSG00000002603_gR167f,0.6
ENSMUSG00000002603_gR475f,0.0
ENSMUSG00000015790_gR352f,0.11
ENSMUSG00000015790_gR341f,0.15
ENSMUSG00000015790_gR93f,0.06
ENSMUSG00000057606_gR460f,0.12
ENSMUSG00000057606_gR383r,0.05
ENSMUSG00000057606_gR73r,0.16
ENSMUSG00000009214_gR388f,0.08
ENSMUSG00000009214_gR271f,0.33
ENSMUSG00000009214_gR40f,0.18
ENSMUSG00000031483_gR261f,0.06
ENSMUSG00000031483_gR466r,0.03
ENSMUSG00000031483_gR480r,0.09
ENSMUSG00000001576_gR112r,0.36
ENSMUSG00000001576_gR146r,0.03
ENSMUSG00000001576_gR302f,0.08
ENSMUSG00000019899_gR467f,0.05
ENSMUSG00000019899_gR381r,0.62
ENSMUSG00000019899_gR65r,0.02
ENSMUSG00000021919_gR304r,0.09
ENSMUSG00000015579_gR369r,0.02
ENSMUSG00000015579_gR272f,0.23
ENSMUSG00000015579_gR38r,0.08
ENSMUSG00000054051_gR153f,0.0
ENSMUSG00000054051_gR200f,0.12
ENSMUSG00000054051_gR218f,0.13
ENSMUSG00000096054_gR426f,0.22
ENSMUSG00000096054_gR421f,0.33
ENSMUSG00000096054_gR72r,0.25
ENSMUSG00000011751_gR485f,0.25
ENSMUSG00000011751_gR159f,0.03
ENSMUSG00000011751_gR127f,0.13
ENSMUSG00000053198_gR61r,0.19
ENSMUSG00000053198_gR228r,0.03
ENSMUSG00000053198_gR288r,0.31
ENSMUSG00000068699_gR194f,0.04
ENSMUSG00000068699_gR248r,0.15
ENSMUSG00000043535_gR88f,0.26
ENSMUSG00000043535_gR193f,0.74
ENSMUSG00000043535_gR472r,0.59
ENSMUSG00000012535_gR190r,0.36
ENSMUSG00000012535_gR109r,0.23
ENSMUSG00000012535_gR25f,0.05
ENSMUSG00000038084_gR59r,0.05
ENSMUSG00000038084_gR463f,0.05
ENSMUSG00000038084_gR477r,0.31
ENSMUSG00000002250_gR120r,0.13
ENSMUSG00000002250_gR242r,0.39
ENSMUSG00000075425_gR88r,0.1
ENSMUSG00000075425_gR97r,0.67
ENSMUSG00000075425_gR157f,0.01
ENSMUSG00000019715_gR78f,0.51
ENSMUSG00000019715_gR463r,0.23
ENSMUSG00000029131_gR43f,0.08
ENSMUSG00000029131_gR195r,0.1
ENSMUSG00000029131_gR295r,0.57
ENSMUSG00000020475_gR415f,0.28
ENSMUSG00000020475_gR412f,0.02
ENSMUSG00000020475_gR121f,0.04
ENSMUSG00000021798_gR216f,0.36
ENSMUSG00000021798_gR121f,0.06
ENSMUSG00000021798_gR100r,0.04
ENSMUSG00000030592_gR340f,0.02
ENSMUSG00000030592_gR306f,0.25
ENSMUSG00000030592_gR34f,0.16
ENSMUSG00000026849_gR360f,0.65
ENSMUSG00000026849_gR216f,0.05
ENSMUSG00000026849_gR196r,0.02
ENSMUSG00000002900_gR25f,0.09
ENSMUSG00000002900_gR83r,0.06
ENSMUSG00000062077_gR31r,0.06
ENSMUSG00000062077_gR32r,0.62
ENSMUSG00000062077_gR293r,0.32
ENSMUSG00000022234_gR486f,0.21
ENSMUSG00000022234_gR423f,0.24
ENSMUSG00000022234_gR19f,0.04
ENSMUSG00000079466_gR48r,0.55
ENSMUSG00000079466_gR103f,0.11
ENSMUSG00000079466_gR330r,0.29
ENSMUSG00000024942_gR477r,0.06
ENSMUSG00000024942_gR287r,0.07
ENSMUSG00000024942_gR54f,0.04
ENSMUSG00000025815_gR169r,0.18
ENSMUSG00000025815_gR62r,0.09
ENSMUSG00000006649_gR282f,0.13
ENSMUSG00000006649_gR321r,0.43
ENSMUSG00000006649_gR334r,0.1
ENSMUSG00000024395_gR131f,0.03
ENSMUSG00000024395_gR158f,0.12
ENSMUSG00000024395_gR336r,0.05
ENSMUSG00000036751_gR430r,0.59
ENSMUSG00000036751_gR248r,0.11
ENSMUSG00000036751_gR225r,0.25
ENSMUSG00000027669_gR210r,0.3
ENSMUSG00000032034_gR324f,0.53
ENSMUSG00000032034_gR259f,0.02
ENSMUSG00000032034_gR116r,0.35
ENSMUSG00000039254_gR59f,0.16
ENSMUSG00000039254_gR313r,0.09
ENSMUSG00000039254_gR381f,0.02
ENSMUSG00000036634_gR342r,0.09
ENSMUSG00000036634_gR249r,0.28
ENSMUSG00000036634_gR113f,0.02
ENSMUSG00000002546_gR27f,0.24
ENSMUSG00000002546_gR176r,0.34
ENSMUSG00000002546_gR272r,0.26
ENSMUSG00000024381_gR146f,0.02
ENSMUSG00000024381_gR376f,0.28
ENSMUSG00000024381_gR470f,0.12
ENSMUSG00000068219_gR40r,0.33
ENSMUSG00000062991_gR443f,0.11
ENSMUSG00000062991_gR410f,0.19
ENSMUSG00000062991_gR106r,0.18
ENSMUSG00000019194_gR377r,0.03
ENSMUSG00000019194_gR215r,0.01
ENSMUSG00000019194_gR188r,0.17
ENSMUSG00000026810_gR88f,0.22
ENSMUSG00000026810_gR129f,0.07
ENSMUSG00000026810_gR430r,0.06
ENSMUSG00000026792_gR448f,0.1
ENSMUSG00000026792_gR411f,0.53
ENSMUSG00000026792_gR136f,0.38
ENSMUSG00000019787_gR463f,0.03
ENSMUSG00000024831_gR403f,0.02
ENSMUSG00000024831_gR403r,0.03
ENSMUSG00000024831_gR179r,0.17
ENSMUSG00000027680_gR290f,0.21
ENSMUSG00000027680_gR304f,0.01
ENSMUSG00000027680_gR317f,0.05
ENSMUSG00000028293_gR376r,0.21
ENSMUSG00000028293_gR127r,0.22
ENSMUSG00000028293_gR22r,0.06
ENSMUSG00000026131_gR362f,0.4
ENSMUSG00000026131_gR374f,0.07
ENSMUSG00000028300_gR491f,0.51
ENSMUSG00000028300_gR484f,0.34
ENSMUSG00000028300_gR442f,0.27
ENSMUSG00000029104_gR145f,0.04
ENSMUSG00000029104_gR415f,0.12
ENSMUSG00000029104_gR441r,0.21
ENSMUSG00000044716_gR365r,0.04
ENSMUSG00000044716_gR388f,0.02
ENSMUSG00000044716_gR418f,0.41
ENSMUSG00000048047_gR119r,0.04
ENSMUSG00000048047_gR211r,0.0
ENSMUSG00000048047_gR386r,0.06
ENSMUSG00000024357_gR467f,0.7
ENSMUSG00000024357_gR52r,0.59
ENSMUSG00000079702_gR75r,0.06
ENSMUSG00000079702_gR265r,0.27
ENSMUSG00000037236_gR384f,0.03
ENSMUSG00000037236_gR406r,0.04
ENSMUSG00000037236_gR455f,0.47
ENSMUSG00000032648_gR286f,0.24
ENSMUSG00000032648_gR332r,0.01
ENSMUSG00000032648_gR359r,0.2
ENSMUSG00000016534_gR373f,0.16
ENSMUSG00000016534_gR266r,0.14
ENSMUSG00000016534_gR19f,0.26
ENSMUSG00000027710_gR90f,0.23
ENSMUSG00000027710_gR125r,0.1
ENSMUSG00000027710_gR408r,0.14
ENSMUSG00000021420_gR53r,0.03
ENSMUSG00000021420_gR300r,0.02
ENSMUSG00000024803_gR84r,0.55
ENSMUSG00000024803_gR56f,0.72
ENSMUSG00000043153_gR210r,0.27
ENSMUSG00000043153_gR216r,0.25
ENSMUSG00000043153_gR244f,0.0
ENSMUSG00000027716_gR295f,0.08
ENSMUSG00000027716_gR273f,0.18
ENSMUSG00000027716_gR68r,0.11
ENSMUSG00000001380_gR359r,0.07
ENSMUSG00000001380_gR318r,0.14
ENSMUSG00000001380_gR116f,0.16
ENSMUSG00000071816_gR28f,0.05
ENSMUSG00000071816_gR76f,0.01
ENSMUSG00000071816_gR132r,0.57
ENSMUSG00000022292_gR419f,0.18
ENSMUSG00000022292_gR289f,0.32
ENSMUSG00000022292_gR68f,0.2
ENSMUSG00000054889_gR188f,0.67
ENSMUSG00000054889_gR447f,0.09
ENSMUSG00000068219_gR426f,0.15
ENSMUSG00000079699_gR22r,0.36
ENSMUSG00000079699_gR272f,0.22
ENSMUSG00000079699_gR369f,0.08
ENSMUSG00000048612_gR338f,0.16
ENSMUSG00000048612_gR242f,0.77
ENSMUSG00000048612_gR200f,0.28
ENSMUSG00000034064_gR428f,0.14
ENSMUSG00000034064_gR393r,0.43
ENSMUSG00000034064_gR72r,0.0
ENSMUSG00000019846_gR19f,0.08
ENSMUSG00000019846_gR41f,0.37
ENSMUSG00000019846_gR119f,0.14
ENSMUSG00000039539_gR417r,0.16
ENSMUSG00000039539_gR305r,0.07
ENSMUSG00000039539_gR240r,0.24
ENSMUSG00000053961_gR175f,0.3
ENSMUSG00000053961_gR193f,0.73
ENSMUSG00000053961_gR349r,0.34
ENSMUSG00000001627_gR222f,0.38
ENSMUSG00000001627_gR199f,0.29
ENSMUSG00000001627_gR168r,0.17
ENSMUSG00000054676_gR343r,0.1
ENSMUSG00000054676_gR363f,0.13
ENSMUSG00000054676_gR377r,0.11
ENSMUSG00000028411_gR170f,0.1
ENSMUSG00000028411_gR164r,0.06
ENSMUSG00000028411_gR118r,0.35
ENSMUSG00000049281_gR90r,0.01
ENSMUSG00000049281_gR151r,0.02
ENSMUSG00000025007_gR285r,0.0
ENSMUSG00000025007_gR283r,0.07
ENSMUSG00000025007_gR66r,0.0
ENSMUSG00000031600_gR69r,0.51
ENSMUSG00000031600_gR110f,0.71
ENSMUSG00000031600_gR247r,0.26
ENSMUSG00000037697_gR365r,0.05
ENSMUSG00000037697_gR52f,0.01
ENSMUSG00000048120_gR210f,0.25
ENSMUSG00000048120_gR323r,0.48
ENSMUSG00000048120_gR400r,0.04
ENSMUSG00000038417_gR381f,0.7
ENSMUSG00000038417_gR345f,0.2
ENSMUSG00000038417_gR87f,0.18
ENSMUSG00000036078_gR370f,0.27
ENSMUSG00000036078_gR301r,0.0
ENSMUSG00000036078_gR56r,0.04
ENSMUSG00000031591_gR199r,0.18
ENSMUSG00000031591_gR50r,0.84
ENSMUSG00000031591_gR43f,0.61
ENSMUSG00000029862_gR141r,0.21
ENSMUSG00000029862_gR334f,0.17
ENSMUSG00000029862_gR447f,0.01
ENSMUSG00000024493_gR481r,0.22
ENSMUSG00000024493_gR89r,0.01
ENSMUSG00000024493_gR32f,0.11
ENSMUSG00000011752_gR450r,0.01
ENSMUSG00000018820_gR60r,0.3
ENSMUSG00000018820_gR302r,0.0
ENSMUSG00000018820_gR313f,0.48
ENSMUSG00000028452_gR478f,0.78
ENSMUSG00000028452_gR476f,0.09
ENSMUSG00000028452_gR378f,0.33
ENSMUSG00000024500_gR210f,0.09
ENSMUSG00000024500_gR168f,0.03
ENSMUSG00000024500_gR162f,0.08
ENSMUSG00000015342_gR103f,0.3
ENSMUSG00000015342_gR239f,0.02
ENSMUSG00000015342_gR327f,0.07
ENSMUSG00000023921_gR214f,0.48
ENSMUSG00000023921_gR469r,0.02
ENSMUSG00000023921_gR476r,0.0
ENSMUSG00000028464_gR455f,0.01
ENSMUSG00000028464_gR61r,0.21
ENSMUSG00000028467_gR382r,0.02
ENSMUSG00000028467_gR46r,0.63
ENSMUSG00000028479_gR316r,0.14
ENSMUSG00000028479_gR178f,0.05
ENSMUSG00000028479_gR113f,0.92
ENSMUSG00000035885_gR405f,0.06
ENSMUSG00000035885_gR205f,0.18
ENSMUSG00000035885_gR58r,0.32
ENSMUSG00000036257_gR417r,0.1
ENSMUSG00000036257_gR431f,0.13
ENSMUSG00000036257_gR474f,0.34
ENSMUSG00000029086_gR349r,0.26
ENSMUSG00000029086_gR348r,0.46
ENSMUSG00000029086_gR131r,0.54
ENSMUSG00000024471_gR98f,0.06
ENSMUSG00000024471_gR185f,0.79
ENSMUSG00000024471_gR205r,0.24
ENSMUSG00000025198_gR135f,0.35
ENSMUSG00000025198_gR134f,0.06
ENSMUSG00000025198_gR29f,0.08
ENSMUSG00000032123_gR131r,0.11
ENSMUSG00000032123_gR234r,0.45
ENSMUSG00000032123_gR416r,0.01
ENSMUSG00000038151_gR384r,0.14
ENSMUSG00000038151_gR351f,0.23
ENSMUSG00000015340_gR167r,0.0
ENSMUSG00000015340_gR114f,0.07
ENSMUSG00000001173_gR119f,0.33
ENSMUSG00000001173_gR187r,0.01
ENSMUSG00000001173_gR358r,0.1
ENSMUSG00000028322_gR170f,0.06
ENSMUSG00000028322_gR171r,0.02
ENSMUSG00000028322_gR50r,0.02
ENSMUSG00000042961_gR364f,0.34
ENSMUSG00000042961_gR304r,0.16
ENSMUSG00000070304_gR41f,0.0
ENSMUSG00000070304_gR111f,0.11
ENSMUSG00000070304_gR219f,0.0
ENSMUSG00000046480_gR70r,0.13
ENSMUSG00000046480_gR171r,0.03
ENSMUSG00000046480_gR223f,0.08
ENSMUSG00000025209_gR36f,0.12
ENSMUSG00000025209_gR287f,0.04
ENSMUSG00000036932_gR421r,0.64
ENSMUSG00000036932_gR127r,0.06
ENSMUSG00000074818_gR416f,0.36
ENSMUSG00000074818_gR383f,0.16
ENSMUSG00000074818_gR356f,0.27
ENSMUSG00000071317_gR196f,0.21
ENSMUSG00000071317_gR448f,0.41
ENSMUSG00000071317_gR451f,0.23
ENSMUSG00000070047_gR190f,0.28
ENSMUSG00000070047_gR302f,0.03
ENSMUSG00000046876_gR388r,0.12
ENSMUSG00000046876_gR255f,0.07
ENSMUSG00000046876_gR243f,0.67
ENSMUSG00000107482_gR84f,0.29
ENSMUSG00000004610_gR162f,0.72
ENSMUSG00000107482_gR257f,0.05
ENSMUSG00000004610_gR312f,0.2
ENSMUSG00000107482_gR397r,0.28
ENSMUSG00000004610_gR475f,0.06
ENSMUSG00000072115_gR117f,0.01
ENSMUSG00000072115_gR313f,0.02
ENSMUSG00000072115_gR378r,0.1
ENSMUSG00000047894_gR189f,0.16
ENSMUSG00000031633_gR174r,0.17
ENSMUSG00000031633_gR144f,0.02
ENSMUSG00000031633_gR129r,0.03
ENSMUSG00000024759_gR142f,0.28
ENSMUSG00000024759_gR248r,0.27
ENSMUSG00000024759_gR370r,0.0
ENSMUSG00000004565_gR260r,0.05
ENSMUSG00000004565_gR285f,0.08
ENSMUSG00000004565_gR317r,0.14
ENSMUSG00000062785_gR187r,0.02
ENSMUSG00000062785_gR206r,0.04
ENSMUSG00000062785_gR346r,0.03
ENSMUSG00000003555_gR334f,0.38
ENSMUSG00000003555_gR311f,0.31
ENSMUSG00000003555_gR66f,0.29
ENSMUSG00000030739_gR433r,0.19
ENSMUSG00000030739_gR334r,0.26
ENSMUSG00000030739_gR194f,0.28
ENSMUSG00000039740_gR368f,0.07
ENSMUSG00000039740_gR112f,0.36
ENSMUSG00000039740_gR11r,0.33
ENSMUSG00000002963_gR41r,0.22
ENSMUSG00000002963_gR89f,0.0
ENSMUSG00000002963_gR245r,0.05
ENSMUSG00000002968_gR386r,0.08
ENSMUSG00000002968_gR325r,0.12
ENSMUSG00000002968_gR90f,0.02
ENSMUSG00000025041_gR341r,0.22
ENSMUSG00000025041_gR330r,0.49
ENSMUSG00000060615_gR269r,0.01
ENSMUSG00000060615_gR102f,0.02
ENSMUSG00000020354_gR150f,0.39
ENSMUSG00000020354_gR75f,0.19
ENSMUSG00000023938_gR22f,0.01
ENSMUSG00000023938_gR83f,0.09
ENSMUSG00000023938_gR470f,0.05
ENSMUSG00000003865_gR67f,0.04
ENSMUSG00000003865_gR163r,0.28
ENSMUSG00000003865_gR426f,0.04
ENSMUSG00000003873_gR454r,0.1
ENSMUSG00000003873_gR48r,0.0
ENSMUSG00000003873_gR40r,0.34
ENSMUSG00000038102_gR134f,0.31
ENSMUSG00000038102_gR28r,0.01
ENSMUSG00000038102_gR24f,0.16
ENSMUSG00000028348_gR81f,0.03
ENSMUSG00000028348_gR124f,0.1
ENSMUSG00000028348_gR471r,0.05
ENSMUSG00000042396_gR234f,0.17
ENSMUSG00000042396_gR136f,0.28
ENSMUSG00000042396_gR53f,0.57
ENSMUSG00000037933_gR170f,0.12
ENSMUSG00000037933_gR320f,0.07
ENSMUSG00000063229_gR166f,0.14
ENSMUSG00000063229_gR328r,0.0
ENSMUSG00000063229_gR440f,0.66
ENSMUSG00000055653_gR313r,0.61
ENSMUSG00000055653_gR109r,0.04
ENSMUSG00000055653_gR79f,0.01
ENSMUSG00000015837_gR442r,0.27
ENSMUSG00000015837_gR394r,0.02
ENSMUSG00000015837_gR328f,0.15
ENSMUSG00000022194_gR72r,0.19
ENSMUSG00000022194_gR168f,0.09
ENSMUSG00000022194_gR262f,0.03
ENSMUSG00000040752_gR350r,0.23
ENSMUSG00000040752_gR261r,0.09
ENSMUSG00000040752_gR186r,0.24
ENSMUSG00000053093_gR168f,0.09
ENSMUSG00000053093_gR145f,0.02
ENSMUSG00000053093_gR139f,0.05
ENSMUSG00000032060_gR62f,0.02
ENSMUSG00000032060_gR105f,0.35
ENSMUSG00000032060_gR465f,0.64
ENSMUSG00000004980_gR165f,0.03
ENSMUSG00000004980_gR157r,0.02
ENSMUSG00000004980_gR40r,0.26
ENSMUSG00000030470_gR310f,0.23
ENSMUSG00000030470_gR258f,0.01
ENSMUSG00000030470_gR103f,0.03
ENSMUSG00000020955_gR76r,0.52
ENSMUSG00000020955_gR281f,0.32
ENSMUSG00000020955_gR309f,0.09
ENSMUSG00000029167_gR487f,0.32
ENSMUSG00000029167_gR401r,0.04
ENSMUSG00000029167_gR161r,0.11
ENSMUSG00000031174_gR418f,0.01
ENSMUSG00000031174_gR412r,0.0
ENSMUSG00000031174_gR192r,0.25
ENSMUSG00000026950_gR392f,0.41
ENSMUSG00000026950_gR357f,0.24
ENSMUSG00000026950_gR98r,0.08
ENSMUSG00000007415_gR330f,0.22
ENSMUSG00000007415_gR42r,0.02
ENSMUSG00000007415_gR34f,0.02
ENSMUSG00000022142_gR138r,0.03
ENSMUSG00000022142_gR237r,0.75
ENSMUSG00000022142_gR292f,0.2
ENSMUSG00000017412_gR437r,0.25
ENSMUSG00000017412_gR361f,0.16
ENSMUSG00000017412_gR225f,0.18
ENSMUSG00000031173_gR59f,0.03
ENSMUSG00000031173_gR112r,0.33
ENSMUSG00000015243_gR391f,0.45
ENSMUSG00000015243_gR337f,0.1
ENSMUSG00000015243_gR116r,0.01
ENSMUSG00000021468_gR423f,0.66
ENSMUSG00000021468_gR140f,0.02
ENSMUSG00000021468_gR116f,0.46
ENSMUSG00000038583_gR260f,0.27
ENSMUSG00000038583_gR286f,0.2
ENSMUSG00000038583_gR467r,0.1
ENSMUSG00000028414_gR483f,0.06
ENSMUSG00000028414_gR483r,0.33
ENSMUSG00000028414_gR493f,0.33
ENSMUSG00000026100_gR119f,0.09
ENSMUSG00000026100_gR216f,0.18
ENSMUSG00000026100_gR425f,0.1
ENSMUSG00000034218_gR289f,0.11
ENSMUSG00000034218_gR130f,0.02
ENSMUSG00000034218_gR8r,0.07
ENSMUSG00000023092_gR23r,0.54
ENSMUSG00000023092_gR132f,0.17
ENSMUSG00000023092_gR466r,0.06
ENSMUSG00000034543_gR223r,0.23
ENSMUSG00000034543_gR260r,0.05
ENSMUSG00000034543_gR328f,0.06
ENSMUSG00000018900_gR432f,0.03
ENSMUSG00000018900_gR135r,0.0
ENSMUSG00000018900_gR42f,0.23
ENSMUSG00000043639_gR33f,0.0
ENSMUSG00000043639_gR113f,0.01
ENSMUSG00000043639_gR137r,0.03
ENSMUSG00000027752_gR394f,0.11
ENSMUSG00000027752_gR352r,0.14
ENSMUSG00000027752_gR36r,0.04
ENSMUSG00000055489_gR107r,0.14
ENSMUSG00000055489_gR143r,0.12
ENSMUSG00000055489_gR238r,0.09
ENSMUSG00000063652_gR492f,0.06
ENSMUSG00000063652_gR114r,0.1
ENSMUSG00000063652_gR99r,0.0
ENSMUSG00000038074_gR463f,0.35
ENSMUSG00000038074_gR83f,0.02
ENSMUSG00000036580_gR137f,0.1
ENSMUSG00000036580_gR284r,0.01
ENSMUSG00000036580_gR411f,0.56
ENSMUSG00000062929_gR270r,0.43
ENSMUSG00000062929_gR125r,0.46
ENSMUSG00000029777_gR56f,0.21
ENSMUSG00000029777_gR278r,0.22
ENSMUSG00000029777_gR326f,0.27
ENSMUSG00000020267_gR126r,0.58
ENSMUSG00000020267_gR296r,0.04
ENSMUSG00000020267_gR422f,0.05
ENSMUSG00000032314_gR426r,0.28
ENSMUSG00000032314_gR387f,0.06
ENSMUSG00000032314_gR223f,0.07
ENSMUSG00000025980_gR270r,0.54
ENSMUSG00000025980_gR117f,0.02
ENSMUSG00000025980_gR28f,0.76
ENSMUSG00000021506_gR267r,0.02
ENSMUSG00000021506_gR152f,0.38
ENSMUSG00000021506_gR37f,0.73
ENSMUSG00000022757_gR473f,0.01
ENSMUSG00000022757_gR418f,0.08
ENSMUSG00000022757_gR328f,0.21
ENSMUSG00000028431_gR340f,0.51
ENSMUSG00000028431_gR293f,0.15
ENSMUSG00000028431_gR195r,0.54
ENSMUSG00000024590_gR131f,0.0
ENSMUSG00000024590_gR264f,0.27
ENSMUSG00000023945_gR341r,0.45
ENSMUSG00000023945_gR70f,0.39
ENSMUSG00000048279_gR45f,0.31
ENSMUSG00000048279_gR466r,0.07
ENSMUSG00000035296_gR464r,0.24
ENSMUSG00000035296_gR332f,0.22
ENSMUSG00000035296_gR75r,0.05
ENSMUSG00000024593_gR113f,0.77
ENSMUSG00000024593_gR356f,0.09
ENSMUSG00000024593_gR453r,0.22
ENSMUSG00000057280_gR94f,0.27
ENSMUSG00000057280_gR270f,0.01
ENSMUSG00000057280_gR480r,0.0
ENSMUSG00000062373_gR434f,0.02
ENSMUSG00000062373_gR228f,0.0
ENSMUSG00000062373_gR21r,0.03
ENSMUSG00000026836_gR416r,0.04
ENSMUSG00000026836_gR237f,0.08
ENSMUSG00000026836_gR32r,0.18
ENSMUSG00000005360_gR386r,0.12
ENSMUSG00000005360_gR229r,0.27
ENSMUSG00000005360_gR158f,0.54
ENSMUSG00000047037_gR386f,0.02
ENSMUSG00000047037_gR135r,0.28
ENSMUSG00000047037_gR9r,0.22
ENSMUSG00000087687_gR23f,0.07
ENSMUSG00000087687_gR428f,0.3
ENSMUSG00000087687_gR491f,0.11
ENSMUSG00000022350_gR245f,0.59
ENSMUSG00000022350_gR80r,0.15
ENSMUSG00000022350_gR41r,0.03
ENSMUSG00000032338_gR17f,0.21
ENSMUSG00000032338_gR54r,0.02
ENSMUSG00000032338_gR151f,0.02
ENSMUSG00000049287_gR355r,0.2
ENSMUSG00000049287_gR242r,0.08
ENSMUSG00000049287_gR239r,0.29
ENSMUSG00000043448_gR287r,0.04
ENSMUSG00000043448_gR266r,0.07
ENSMUSG00000043448_gR86f,0.04
ENSMUSG00000044475_gR188r,0.07
ENSMUSG00000044475_gR276r,0.04
ENSMUSG00000044475_gR427f,0.09
ENSMUSG00000026024_gR252f,0.2
ENSMUSG00000026024_gR250f,0.1
ENSMUSG00000026024_gR225r,0.06
ENSMUSG00000027763_gR114r,0.03
ENSMUSG00000027763_gR139r,0.17
ENSMUSG00000027763_gR375f,0.4
ENSMUSG00000039585_gR244f,0.03
ENSMUSG00000039585_gR297f,0.09
ENSMUSG00000039585_gR362f,0.07
ENSMUSG00000020538_gR331f,0.59
ENSMUSG00000020538_gR294f,0.57
ENSMUSG00000020538_gR279f,0.09
ENSMUSG00000071657_gR139f,0.3
ENSMUSG00000071657_gR429r,0.13
ENSMUSG00000071657_gR466f,0.04
ENSMUSG00000020097_gR250f,0.14
ENSMUSG00000020097_gR106f,0.16
ENSMUSG00000042529_gR315r,0.05
ENSMUSG00000042529_gR315f,0.21
ENSMUSG00000042529_gR368f,0.07
ENSMUSG00000026011_gR124f,0.06
ENSMUSG00000026011_gR171r,0.07
ENSMUSG00000026011_gR176f,0.05
ENSMUSG00000010025_gR381f,0.38
ENSMUSG00000010025_gR367r,0.49
ENSMUSG00000010025_gR128r,0.16
ENSMUSG00000058806_gR368r,0.06
ENSMUSG00000058806_gR317r,0.28
ENSMUSG00000058806_gR113r,0.01
ENSMUSG00000045629_gR396f,0.01
ENSMUSG00000045629_gR429f,0.01
ENSMUSG00000045629_gR471f,0.52
ENSMUSG00000037012_gR356f,0.0
ENSMUSG00000037012_gR297r,0.03
ENSMUSG00000037012_gR236f,0.28
ENSMUSG00000042211_gR460r,0.01
ENSMUSG00000042211_gR87f,0.18
ENSMUSG00000042211_gR25f,0.0
ENSMUSG00000027820_gR97r,0.11
ENSMUSG00000027820_gR366r,0.11
ENSMUSG00000027820_gR377f,0.25
ENSMUSG00000018507_gR35f,0.46
ENSMUSG00000018507_gR102f,0.11
ENSMUSG00000018507_gR432f,0.03
ENSMUSG00000090326_gR75f,0.22
ENSMUSG00000090326_gR86f,0.28
ENSMUSG00000020067_gR480r,0.37
ENSMUSG00000020067_gR225f,0.09
ENSMUSG00000020067_gR133f,0.05
ENSMUSG00000027822_gR369r,0.01
ENSMUSG00000027822_gR368r,0.64
ENSMUSG00000041482_gR392f,0.11
ENSMUSG00000041482_gR373r,0.31
ENSMUSG00000041482_gR153f,0.02
ENSMUSG00000060843_gR236f,0.01
ENSMUSG00000060843_gR266r,0.19
ENSMUSG00000060843_gR475f,0.16
ENSMUSG00000018217_gR69f,0.25
ENSMUSG00000018217_gR428r,0.21
ENSMUSG00000045962_gR256r,0.54
ENSMUSG00000045962_gR294f,0.5
ENSMUSG00000022055_gR70f,0.16
ENSMUSG00000022055_gR130f,0.06
ENSMUSG00000022055_gR149f,0.02
ENSMUSG00000079703_gR30r,0.23
ENSMUSG00000024843_gR163r,0.57
ENSMUSG00000025962_gR85f,0.64
ENSMUSG00000025962_gR128r,0.55
ENSMUSG00000025962_gR416r,0.02
ENSMUSG00000042148_gR346f,0.21
ENSMUSG00000042148_gR214r,0.2
ENSMUSG00000079703_gR103r,0.09
ENSMUSG00000079703_gR118r,0.19
ENSMUSG00000004843_gR239f,0.28
ENSMUSG00000004843_gR30f,0.3
ENSMUSG00000051675_gR220f,0.1
ENSMUSG00000051675_gR350f,0.41
ENSMUSG00000051675_gR455f,0.13
ENSMUSG00000032388_gR119f,0.66
ENSMUSG00000032388_gR219r,0.27
ENSMUSG00000032388_gR316r,0.28
ENSMUSG00000032386_gR473r,0.02
ENSMUSG00000032386_gR334r,0.18
ENSMUSG00000032386_gR94r,0.01
ENSMUSG00000075316_gR230f,0.39
ENSMUSG00000075316_gR209f,0.09
ENSMUSG00000075316_gR33r,0.13
ENSMUSG00000021738_gR49f,0.07
ENSMUSG00000021738_gR83r,0.03
ENSMUSG00000021738_gR92f,0.37
ENSMUSG00000005125_gR449r,0.07
ENSMUSG00000005125_gR340f,0.57
ENSMUSG00000005125_gR289f,0.07
ENSMUSG00000035847_gR264r,0.01
ENSMUSG00000035847_gR124r,0.08
ENSMUSG00000035847_gR56r,0.68
ENSMUSG00000032366_gR230f,0.19
ENSMUSG00000032366_gR116r,0.13
ENSMUSG00000032366_gR70f,0.03
ENSMUSG00000069844_gR61f,0.2
ENSMUSG00000069844_gR76r,0.02
ENSMUSG00000069844_gR449r,0.3
ENSMUSG00000020908_gR104f,0.02
ENSMUSG00000020908_gR176f,0.03
ENSMUSG00000020908_gR269f,0.3
ENSMUSG00000037868_gR226f,0.03
ENSMUSG00000037868_gR406r,0.17
ENSMUSG00000024527_gR459r,0.01
ENSMUSG00000024527_gR218f,0.54
ENSMUSG00000024527_gR93r,0.72
ENSMUSG00000055775_gR32f,0.01
ENSMUSG00000055775_gR99f,0.04
ENSMUSG00000055775_gR379r,0.16
ENSMUSG00000031337_gR87r,0.03
ENSMUSG00000031337_gR169f,0.32
ENSMUSG00000031337_gR372r,0.1
ENSMUSG00000000441_gR204f,0.02
ENSMUSG00000000441_gR205f,0.03
ENSMUSG00000000441_gR343f,0.7
ENSMUSG00000022105_gR410f,0.25
ENSMUSG00000022105_gR370r,0.13
ENSMUSG00000022105_gR339r,0.62
ENSMUSG00000015133_gR395r,0.16
ENSMUSG00000015133_gR322f,0.41
ENSMUSG00000015133_gR212r,0.65
ENSMUSG00000062209_gR259r,0.12
ENSMUSG00000075307_gR22r,0.32
ENSMUSG00000075307_gR193f,0.13
ENSMUSG00000075307_gR314f,0.24
ENSMUSG00000021595_gR88f,0.14
ENSMUSG00000021595_gR203r,0.1
ENSMUSG00000021595_gR402f,0.04
ENSMUSG00000021066_gR17r,0.51
ENSMUSG00000021066_gR223f,0.5
ENSMUSG00000021066_gR292r,0.12
ENSMUSG00000022707_gR149f,0.33
ENSMUSG00000022707_gR262f,0.22
ENSMUSG00000041189_gR423f,0.05
ENSMUSG00000041189_gR387r,0.11
ENSMUSG00000041189_gR358r,0.02
ENSMUSG00000032796_gR36f,0.24
ENSMUSG00000032796_gR273r,0.19
ENSMUSG00000032796_gR302f,0.5
ENSMUSG00000018574_gR444r,0.08
ENSMUSG00000018574_gR265f,0.01
ENSMUSG00000018574_gR245f,0.02
ENSMUSG00000031378_gR88f,0.05
ENSMUSG00000031378_gR261r,0.09
ENSMUSG00000031378_gR417r,0.18
ENSMUSG00000030269_gR430r,0.03
ENSMUSG00000030269_gR385r,0.59
ENSMUSG00000030269_gR161r,0.26
ENSMUSG00000031391_gR249r,0.16
ENSMUSG00000031391_gR220r,0.18
ENSMUSG00000031391_gR62f,0.05
ENSMUSG00000002346_gR486f,0.19
ENSMUSG00000002346_gR424r,0.58
ENSMUSG00000002346_gR113r,0.4
ENSMUSG00000031849_gR320r,0.14
ENSMUSG00000031849_gR361f,0.18
ENSMUSG00000031849_gR416r,0.22
ENSMUSG00000031328_gR467r,0.04
ENSMUSG00000031328_gR380f,0.09
ENSMUSG00000031328_gR108r,0.0
ENSMUSG00000001964_gR171f,0.1
ENSMUSG00000001964_gR213r,0.01
ENSMUSG00000001964_gR217r,0.19
ENSMUSG00000014609_gR342f,0.21
ENSMUSG00000014609_gR148r,0.04
ENSMUSG00000014609_gR94r,0.36
ENSMUSG00000009995_gR127r,0.06
ENSMUSG00000009995_gR222f,0.1
ENSMUSG00000009995_gR258r,0.09
ENSMUSG00000018293_gR463f,0.82
ENSMUSG00000018293_gR248f,0.02
ENSMUSG00000018293_gR103r,0.0
ENSMUSG00000060600_gR92f,0.09
ENSMUSG00000060600_gR370r,0.1
ENSMUSG00000060600_gR397r,0.14
ENSMUSG00000020821_gR226r,0.03
ENSMUSG00000020821_gR308r,0.13
ENSMUSG00000020821_gR420f,0.05
ENSMUSG00000062694_gR246r,0.11
ENSMUSG00000062694_gR63f,0.01
ENSMUSG00000062694_gR54f,0.08
ENSMUSG00000031402_gR358f,0.5
ENSMUSG00000031402_gR83f,0.0
ENSMUSG00000031402_gR47f,0.16
ENSMUSG00000031196_gR306r,0.8
ENSMUSG00000031196_gR189f,0.23
ENSMUSG00000004085_gR34r,0.03
ENSMUSG00000004085_gR38f,0.01
ENSMUSG00000004085_gR207f,0.29
ENSMUSG00000034799_gR428r,0.38
ENSMUSG00000034799_gR412f,0.4
ENSMUSG00000034799_gR186r,0.01
ENSMUSG00000022607_gR484f,0.08
ENSMUSG00000022607_gR411r,0.52
ENSMUSG00000019732_gR99f,0.08
ENSMUSG00000027107_gR415f,0.14
ENSMUSG00000027107_gR133f,0.01
ENSMUSG00000027107_gR75f,0.08
ENSMUSG00000004383_gR490f,0.02
ENSMUSG00000004383_gR321r,0.34
ENSMUSG00000004383_gR183f,0.43
ENSMUSG00000029156_gR449r,0.15
ENSMUSG00000029156_gR401f,0.01
ENSMUSG00000029156_gR308f,0.18
ENSMUSG00000029155_gR128r,0.05
ENSMUSG00000029155_gR191f,0.05
ENSMUSG00000029155_gR464f,0.64
ENSMUSG00000024054_gR223r,0.55
ENSMUSG00000024054_gR117r,0.19
ENSMUSG00000024054_gR73r,0.35
ENSMUSG00000021577_gR144f,0.03
ENSMUSG00000021577_gR116f,0.36
ENSMUSG00000021577_gR81r,0.17
ENSMUSG00000050368_gR69f,0.01
ENSMUSG00000050368_gR360f,0.4
ENSMUSG00000050368_gR452f,0.21
ENSMUSG00000021585_gR473f,0.39
ENSMUSG00000021585_gR222f,0.12
ENSMUSG00000021585_gR11r,0.14
ENSMUSG00000052468_gR431r,0.01
ENSMUSG00000052468_gR400f,0.31
ENSMUSG00000052468_gR354f,0.26
ENSMUSG00000030102_gR355f,0.15
ENSMUSG00000030102_gR163r,0.02
ENSMUSG00000030102_gR51f,0.04
ENSMUSG00000026202_gR266r,0.16
ENSMUSG00000026202_gR177f,0.59
ENSMUSG00000026202_gR86f,0.18
ENSMUSG00000022565_gR364r,0.0
ENSMUSG00000022565_gR61r,0.32
ENSMUSG00000022565_gR52r,0.05
ENSMUSG00000026203_gR290r,0.0
ENSMUSG00000026203_gR370f,0.11
ENSMUSG00000026203_gR420r,0.13
ENSMUSG00000049422_gR193f,0.06
ENSMUSG00000049422_gR307f,0.26
ENSMUSG00000049422_gR447f,0.26
ENSMUSG00000022562_gR407f,0.28
ENSMUSG00000022562_gR213r,0.15
ENSMUSG00000022562_gR61f,0.01
ENSMUSG00000026208_gR209f,0.12
ENSMUSG00000026208_gR477r,0.06
ENSMUSG00000026208_gR477f,0.25
ENSMUSG00000026207_gR24r,0.08
ENSMUSG00000026207_gR98f,0.21
ENSMUSG00000026207_gR321f,0.17
ENSMUSG00000063450_gR147f,0.91
ENSMUSG00000063450_gR254f,0.07
ENSMUSG00000063450_gR294r,0.06
ENSMUSG00000006127_gR53f,0.07
ENSMUSG00000006127_gR309r,0.22
ENSMUSG00000006127_gR322r,0.53
ENSMUSG00000020241_gR294r,0.06
ENSMUSG00000018893_gR346f,0.41
ENSMUSG00000018893_gR134r,0.09
ENSMUSG00000018893_gR25f,0.2
ENSMUSG00000001119_gR371r,0.05
ENSMUSG00000001119_gR207f,0.01
ENSMUSG00000001119_gR16r,0.07
ENSMUSG00000051747_gR442r,0.21
ENSMUSG00000051747_gR435r,0.01
ENSMUSG00000051747_gR11r,0.04
ENSMUSG00000024068_gR159f,0.19
ENSMUSG00000024068_gR203r,0.37
ENSMUSG00000024068_gR360r,0.04
ENSMUSG00000032349_gR247r,0.21
ENSMUSG00000032349_gR260r,0.1
ENSMUSG00000032349_gR454r,0.09
ENSMUSG00000022500_gR227f,0.2
ENSMUSG00000022500_gR163r,0.09
ENSMUSG00000022500_gR142r,0.02
ENSMUSG00000032342_gR207r,0.1
ENSMUSG00000032342_gR371r,0.72
ENSMUSG00000032342_gR407f,0.16
ENSMUSG00000027809_gR226f,0.42
ENSMUSG00000027809_gR173r,0.01
ENSMUSG00000027809_gR154f,0.13
ENSMUSG00000045103_gR154f,0.52
ENSMUSG00000045103_gR258f,0.05
ENSMUSG00000066440_gR263r,0.09
ENSMUSG00000066440_gR134r,0.15
ENSMUSG00000066440_gR79r,0.13
ENSMUSG00000042524_gR369f,0.15
ENSMUSG00000042524_gR368r,0.04
ENSMUSG00000042524_gR135f,0.03
ENSMUSG00000032332_gR107f,0.86
ENSMUSG00000032332_gR89r,0.03
ENSMUSG00000032332_gR22r,0.39
ENSMUSG00000026248_gR288f,0.01
ENSMUSG00000026248_gR290f,0.04
ENSMUSG00000033323_gR353f,0.02
ENSMUSG00000033323_gR247f,0.07
ENSMUSG00000033323_gR104f,0.35
ENSMUSG00000034994_gR167f,0.01
ENSMUSG00000034994_gR313r,0.65
ENSMUSG00000034994_gR349r,0.11
ENSMUSG00000034902_gR440r,0.01
ENSMUSG00000034902_gR464f,0.29
ENSMUSG00000034902_gR475f,0.06
ENSMUSG00000022471_gR141f,0.38
ENSMUSG00000022471_gR295f,0.69
ENSMUSG00000022471_gR412r,0.23
ENSMUSG00000039176_gR432f,0.02
ENSMUSG00000039176_gR388f,0.09
ENSMUSG00000039176_gR210r,0.7
ENSMUSG00000025059_gR281f,0.2
ENSMUSG00000025059_gR269r,0.44
ENSMUSG00000025059_gR189f,0.04
ENSMUSG00000025056_gR47r,0.06
ENSMUSG00000025056_gR403r,0.08
ENSMUSG00000027993_gR471f,0.2
ENSMUSG00000027993_gR321f,0.16
ENSMUSG00000027993_gR25f,0.18
ENSMUSG00000049537_gR383f,0.08
ENSMUSG00000049537_gR375r,0.29
ENSMUSG00000049537_gR188r,0.15
ENSMUSG00000032262_gR389r,0.43
ENSMUSG00000032262_gR197f,0.1
ENSMUSG00000032262_gR76f,0.17
ENSMUSG00000051228_gR37r,0.1
ENSMUSG00000051228_gR75f,0.25
ENSMUSG00000051228_gR212r,0.12
ENSMUSG00000052372_gR424f,0.11
ENSMUSG00000052372_gR232f,0.11
ENSMUSG00000052372_gR197f,0.13
ENSMUSG00000034656_gR41f,0.01
ENSMUSG00000034656_gR409r,0.19
ENSMUSG00000034656_gR454f,0.16
ENSMUSG00000016541_gR306r,0.16
ENSMUSG00000016541_gR465f,0.06
ENSMUSG00000016541_gR484f,0.08
ENSMUSG00000021253_gR252f,0.1
ENSMUSG00000021253_gR90r,0.07
ENSMUSG00000021253_gR49f,0.03
ENSMUSG00000040407_gR65r,0.34
ENSMUSG00000040407_gR116f,0.79
ENSMUSG00000040407_gR185r,0.04
ENSMUSG00000044086_gR163f,0.03
ENSMUSG00000044086_gR256r,0.19
ENSMUSG00000044086_gR408f,0.07
ENSMUSG00000028072_gR137f,0.23
ENSMUSG00000028072_gR124f,0.18
ENSMUSG00000028072_gR111f,0.25
ENSMUSG00000072582_gR34r,0.08
ENSMUSG00000072582_gR215f,0.16
ENSMUSG00000072582_gR221f,0.22
ENSMUSG00000034126_gR386f,0.27
ENSMUSG00000034126_gR280f,0.01
ENSMUSG00000034126_gR56f,0.13
ENSMUSG00000021036_gR412r,0.61
ENSMUSG00000021036_gR209f,0.61
ENSMUSG00000021036_gR58f,0.45
ENSMUSG00000024127_gR124r,0.42
ENSMUSG00000024127_gR98r,0.01
ENSMUSG00000024127_gR33r,0.57
ENSMUSG00000021039_gR255r,0.0
ENSMUSG00000021039_gR114r,0.1
ENSMUSG00000021039_gR64r,0.63
ENSMUSG00000026251_gR244f,0.2
ENSMUSG00000026251_gR314f,0.08
ENSMUSG00000026251_gR390r,0.03
ENSMUSG00000026253_gR292f,0.13
ENSMUSG00000026253_gR327f,0.12
ENSMUSG00000026253_gR447r,0.14
ENSMUSG00000028063_gR491f,0.09
ENSMUSG00000028063_gR405r,0.33
ENSMUSG00000028063_gR196f,0.02
ENSMUSG00000020053_gR23r,0.16
ENSMUSG00000020053_gR47r,0.58
ENSMUSG00000020053_gR308f,0.3
ENSMUSG00000042737_gR83r,0.11
ENSMUSG00000042737_gR95r,0.27
ENSMUSG00000042737_gR358f,0.05
ENSMUSG00000062937_gR124f,0.24
ENSMUSG00000062937_gR285f,0.19
ENSMUSG00000062937_gR436r,0.57
ENSMUSG00000042642_gR422f,0.08
ENSMUSG00000042642_gR338f,0.18
ENSMUSG00000042642_gR244f,0.07
ENSMUSG00000036529_gR227f,0.16
ENSMUSG00000036529_gR100r,0.15
ENSMUSG00000036529_gR87r,0.06
ENSMUSG00000027940_gR80f,0.24
ENSMUSG00000027940_gR274r,0.01
ENSMUSG00000027940_gR391f,0.48
ENSMUSG00000022615_gR462f,0.16
ENSMUSG00000022615_gR457f,0.06
ENSMUSG00000022615_gR208r,0.1
ENSMUSG00000116461_gR176f,0.8
ENSMUSG00000116461_gR127r,0.19
ENSMUSG00000035277_gR141f,0.12
ENSMUSG00000035277_gR165f,0.04
ENSMUSG00000035277_gR239r,0.0
ENSMUSG00000022982_gR141f,0.31
ENSMUSG00000022982_gR235r,0.03
ENSMUSG00000022982_gR249r,0.05
ENSMUSG00000021313_gR379f,0.02
ENSMUSG00000021313_gR166f,0.03
ENSMUSG00000021313_gR60f,0.09
ENSMUSG00000036438_gR103r,0.29
ENSMUSG00000036438_gR91r,0.55
ENSMUSG00000035232_gR428f,0.22
ENSMUSG00000035232_gR356f,0.02
ENSMUSG00000035232_gR51r,0.16
ENSMUSG00000005506_gR159r,0.0
ENSMUSG00000005506_gR166r,0.3
ENSMUSG00000005506_gR445r,0.13
ENSMUSG00000022629_gR266f,0.35
ENSMUSG00000022629_gR250f,0.38
ENSMUSG00000002104_gR169r,0.02
ENSMUSG00000002104_gR253f,0.02
ENSMUSG00000002104_gR274f,0.33
ENSMUSG00000002100_gR409f,0.05
ENSMUSG00000002100_gR463f,0.23
ENSMUSG00000002100_gR483f,0.05
ENSMUSG00000027253_gR172f,0.02
ENSMUSG00000027253_gR283f,0.27
ENSMUSG00000027253_gR412f,0.09
ENSMUSG00000019961_gR351f,0.12
ENSMUSG00000019961_gR255r,0.33
ENSMUSG00000019961_gR107r,0.14
ENSMUSG00000048126_gR485f,0.05
ENSMUSG00000048126_gR47f,0.25
ENSMUSG00000039672_gR96r,0.18
ENSMUSG00000039672_gR402f,0.01
ENSMUSG00000039672_gR433f,0.47
ENSMUSG00000039639_gR376f,0.12
ENSMUSG00000039639_gR130f,0.11
ENSMUSG00000039639_gR57r,0.42
ENSMUSG00000030095_gR414r,0.37
ENSMUSG00000030095_gR350r,0.07
ENSMUSG00000030095_gR224r,0.11
ENSMUSG00000055022_gR29r,0.14
ENSMUSG00000055022_gR306r,0.13
ENSMUSG00000055022_gR434r,0.18
ENSMUSG00000052374_gR23r,0.03
ENSMUSG00000052374_gR10r,0.13
ENSMUSG00000052374_gR9r,0.01
ENSMUSG00000040434_gR453r,0.74
ENSMUSG00000040434_gR321r,0.02
ENSMUSG00000040434_gR49r,0.17
ENSMUSG00000047419_gR477r,0.05
ENSMUSG00000047419_gR336r,0.18
ENSMUSG00000047419_gR34r,0.06
ENSMUSG00000030087_gR463f,0.11
ENSMUSG00000030087_gR359f,0.22
ENSMUSG00000030087_gR216f,0.0
ENSMUSG00000014602_gR326f,0.06
ENSMUSG00000014602_gR320f,0.45
ENSMUSG00000014602_gR244r,0.01
ENSMUSG00000046532_gR61f,0.15
ENSMUSG00000046532_gR251r,0.29
ENSMUSG00000046532_gR399f,0.25
ENSMUSG00000024421_gR158f,0.26
ENSMUSG00000024421_gR225r,0.08
ENSMUSG00000024421_gR353r,0.56
ENSMUSG00000020866_gR448r,0.29
ENSMUSG00000020866_gR170f,0.61
ENSMUSG00000020866_gR9r,0.03
ENSMUSG00000038642_gR39r,0.12
ENSMUSG00000038642_gR200f,0.24
ENSMUSG00000038642_gR275r,0.1
ENSMUSG00000031785_gR22r,0.09
ENSMUSG00000031785_gR377f,0.08
ENSMUSG00000031785_gR480f,0.17
ENSMUSG00000079477_gR216r,0.1
ENSMUSG00000079477_gR331f,0.14
ENSMUSG00000079477_gR491f,0.27
ENSMUSG00000030057_gR261f,0.03
ENSMUSG00000030057_gR404r,0.71
ENSMUSG00000030057_gR408f,0.15
ENSMUSG00000001508_gR471f,0.01
ENSMUSG00000001508_gR331r,0.0
ENSMUSG00000001508_gR51f,0.15
ENSMUSG00000029992_gR195f,0.26
ENSMUSG00000029992_gR39r,0.28
ENSMUSG00000029992_gR17f,0.0
ENSMUSG00000057123_gR313f,0.15
ENSMUSG00000057123_gR350f,0.03
ENSMUSG00000057123_gR372f,0.15
ENSMUSG00000021665_gR402f,0.37
ENSMUSG00000021665_gR348f,0.77
ENSMUSG00000021665_gR343f,0.23
ENSMUSG00000071337_gR392f,0.21
ENSMUSG00000071337_gR228r,0.26
ENSMUSG00000071337_gR66r,0.07
ENSMUSG00000033065_gR378r,0.24
ENSMUSG00000033065_gR457f,0.14
ENSMUSG00000033065_gR479f,0.01
ENSMUSG00000019820_gR439f,0.71
ENSMUSG00000019820_gR401r,0.04
ENSMUSG00000019820_gR203r,0.01
ENSMUSG00000034055_gR160f,0.39
ENSMUSG00000034055_gR66r,0.34
ENSMUSG00000034055_gR31f,0.28
ENSMUSG00000025791_gR257r,0.49
ENSMUSG00000025791_gR494f,0.67
ENSMUSG00000023484_gR261f,0.13
ENSMUSG00000023484_gR270f,0.04
ENSMUSG00000023484_gR479f,0.45
