,ENSMUSG00000033788_gR434r,ENSMUSG00000033788_gR113f,ENSMUSG00000033788_gR70f
Phi,6.297736443170513,2.3391495035528536,1.5519250327935439
Precision,0.49485039459550184,0.49234378658836586,0.4330671539061687
1-bp ins frequency,17.43296186757283,4.391075899250244,13.97925446925488
MH del frequency,78.46366082128984,79.00351548227425,63.50213551361547
MHless del frequency,4.103377311137368,16.60540861847522,22.51861001712973
Frameshift frequency,73.84497637379815,65.81466429828738,70.99929683595772
Frame +0 frequency,26.155023626201885,34.18533570171244,29.00070316404242
Frame +1 frequency,47.59770751917097,43.72181558569986,47.08790498366744
Frame +2 frequency,26.247268854627176,22.09284871258753,23.911391852290283
Highest outcome frequency,15.400223839538185,22.67902599534671,10.949304291657537
Highest del frequency,15.400223839538185,22.67902599534671,10.949304291657537
Highest ins frequency,14.920437064040017,2.0014457545971793,10.074946520563497
Expected indel length,7.999526342919385,8.632588430903823,7.693324165971176
Reference sequence,CTCCTAAAGATTGATAATGGTGACAGCTAAACTTCCCCCACTATGGGGTGGGAAAGGGGAGAGAGGGAGGGAAAGAAAGAGGGAAGGAGGGAGGGAGGGAGAGAGAGAGAGGGAGAGAGA,GGGCACCTCAGGGGAAACTGAGGCTGTGAGATAGAAGTGGCCCAACTGTGCTTCAGCTGGACCAGGGCTGAGGGCAGGCTACTACTCTTTTCTCTGGATCCCTTAAAAGATGTCTTTCCA,CTGACTAACGTTGAATATCGATAAGACACAGAGAAGAGGGGTGGGGCACCTCAGGGGAAACTGAGGCTGTGAGATAGAAGTGGCCCAACTGTGCTTCAGCTGGACCAGGGCTGAGGGCAG
Cutsite,60,60,60
gRNA,,,
gRNA orientation,,,
Cas9 type,,,
doench_eff_score,1,3,30
